timestamp,station_id,temperature,humidity,pressure,wind_speed,wind_direction,rain_mm,cloud_cover
2026-06-25 09:28:31.411424+00:00,GDN_01,20.96,93.36,999.19,11.39,98,1.22,2
2026-06-25 09:38:31.411424+00:00,GDN_01,13.18,83.22,1014.39,1.93,97,0.1,19
2026-06-25 09:48:31.411424+00:00,GDN_01,19.61,71.86,1029.68,7.51,294,1.65,21
2026-06-25 09:58:31.411424+00:00,GDN_01,19.82,74.06,1029.83,3.92,214,0.48,76
2026-06-25 10:08:31.411424+00:00,GDN_01,16.65,69.6,1001.61,10.45,209,1.41,98
2026-06-25 10:18:31.411424+00:00,GDN_01,17.89,59.2,1005.03,1.65,6,0.0,100
2026-06-25 10:28:31.411424+00:00,GDN_01,17.4,87.31,1009.85,5.31,199,0.35,0
2026-06-25 10:38:31.411424+00:00,GDN_01,13.22,56.14,1009.0,5.59,57,1.41,68
2026-06-25 10:48:31.411424+00:00,GDN_01,17.07,57.0,998.64,12.27,258,0.0,38
2026-06-25 10:58:31.411424+00:00,GDN_01,15.75,88.72,1027.63,9.84,332,1.13,29
2026-06-25 11:08:31.411424+00:00,GDN_01,19.73,50.9,997.15,0.84,353,0.0,73
2026-06-25 11:18:31.411424+00:00,GDN_01,17.17,66.2,999.34,12.03,251,0.0,42
2026-06-25 11:28:31.411424+00:00,GDN_01,17.08,92.09,1006.46,9.79,92,0.0,20
2026-06-25 11:38:31.411424+00:00,GDN_01,13.95,54.54,1017.85,12.82,173,1.11,88
2026-06-25 11:48:31.411424+00:00,GDN_01,14.22,52.56,1025.9,0.65,317,0.0,91
2026-06-25 11:58:31.411424+00:00,GDN_01,19.96,77.73,995.79,7.63,247,1.76,80
2026-06-25 12:08:31.411424+00:00,GDN_01,18.89,82.89,1008.0,1.82,211,0.0,36
2026-06-25 12:18:31.411424+00:00,GDN_01,14.01,52.22,1000.69,12.01,151,0.52,82
2026-06-25 12:28:31.411424+00:00,GDN_01,20.41,53.15,998.45,13.97,23,0.0,87
2026-06-25 12:38:31.411424+00:00,GDN_01,14.52,79.01,1019.69,11.02,79,1.28,18
2026-06-25 12:48:31.411424+00:00,GDN_01,14.07,86.06,1004.63,8.84,142,0.57,87
2026-06-25 12:58:31.411424+00:00,GDN_01,14.33,91.01,996.54,2.83,344,2.02,26
2026-06-25 13:08:31.411424+00:00,GDN_01,17.36,67.6,1002.91,5.94,121,0.0,33
2026-06-25 13:18:31.411424+00:00,GDN_01,13.54,54.01,1023.79,3.99,295,0.0,37
2026-06-25 13:28:31.411424+00:00,GDN_01,13.52,62.55,1011.78,1.36,34,1.5,28
2026-06-25 13:38:31.411424+00:00,GDN_01,16.65,85.46,1029.71,8.71,108,1.03,5
2026-06-25 13:48:31.411424+00:00,GDN_01,15.27,62.87,998.44,7.21,115,0.0,73
2026-06-25 13:58:31.411424+00:00,GDN_01,19.0,76.78,1012.73,13.58,186,0.0,62
2026-06-25 14:08:31.411424+00:00,GDN_01,13.57,50.28,996.16,3.04,90,0.36,13
2026-06-25 14:18:31.411424+00:00,GDN_01,14.31,87.49,1013.79,5.51,12,0.0,13
2026-06-25 14:28:31.411424+00:00,GDN_01,18.7,91.04,1020.02,6.59,86,0.0,10
2026-06-25 14:38:31.411424+00:00,GDN_01,20.88,49.24,1027.99,0.92,62,0.96,8
2026-06-25 14:48:31.411424+00:00,GDN_01,16.14,78.12,1012.73,8.68,105,1.22,76
2026-06-25 14:58:31.411424+00:00,GDN_01,20.04,86.84,1005.61,0.07,138,0.91,11
2026-06-25 15:08:31.411424+00:00,GDN_01,16.15,49.53,999.71,11.49,336,0.71,38
2026-06-25 15:18:31.411424+00:00,GDN_01,20.56,58.78,995.23,4.02,2,0.0,18
2026-06-25 15:28:31.411424+00:00,GDN_01,17.48,55.31,1010.23,0.09,189,0.0,78
2026-06-25 15:38:31.411424+00:00,GDN_01,19.54,77.82,999.32,6.79,133,0.52,62
2026-06-25 15:48:31.411424+00:00,GDN_01,14.1,58.49,1018.9,8.66,242,2.67,34
2026-06-25 15:58:31.411424+00:00,GDN_01,18.73,60.26,1003.12,10.11,150,0.03,66
2026-06-25 16:08:31.411424+00:00,GDN_01,18.9,60.72,1019.25,10.23,173,0.97,4
2026-06-25 16:18:31.411424+00:00,GDN_01,15.0,86.34,1012.89,7.24,274,1.26,24
2026-06-25 16:28:31.411424+00:00,GDN_01,18.02,67.59,996.69,9.99,156,0.0,90
2026-06-25 16:38:31.411424+00:00,GDN_01,20.05,54.51,1014.38,8.6,195,0.18,47
2026-06-25 16:48:31.411424+00:00,GDN_01,18.82,88.11,995.93,7.02,224,0.75,99
2026-06-25 16:58:31.411424+00:00,GDN_01,17.03,57.83,1024.05,3.87,327,1.46,85
2026-06-25 17:08:31.411424+00:00,GDN_01,14.13,74.54,1024.03,2.0,234,0.0,21
2026-06-25 17:18:31.411424+00:00,GDN_01,16.32,55.1,1011.0,2.88,1,1.29,39
2026-06-25 17:28:31.411424+00:00,GDN_01,16.29,65.83,1021.03,1.19,267,0.0,14
2026-06-25 17:38:31.411424+00:00,GDN_01,13.41,81.21,997.61,0.77,8,0.0,83
2026-06-25 17:48:31.411424+00:00,GDN_01,15.08,71.72,1029.2,9.78,322,1.01,87
2026-06-25 17:58:31.411424+00:00,GDN_01,16.55,86.86,1009.46,9.37,336,0.62,29
2026-06-25 18:08:31.411424+00:00,GDN_01,17.56,76.21,1001.54,4.12,313,0.0,51
2026-06-25 18:18:31.411424+00:00,GDN_01,13.45,64.27,1021.78,13.4,179,0.0,79
2026-06-25 18:28:31.411424+00:00,GDN_01,20.16,57.02,1025.41,4.22,151,0.17,39
2026-06-25 18:38:31.411424+00:00,GDN_01,15.32,94.87,1022.16,3.77,310,0.48,99
2026-06-25 18:48:31.411424+00:00,GDN_01,15.02,86.75,1024.11,2.6,185,0.03,68
2026-06-25 18:58:31.411424+00:00,GDN_01,16.97,47.03,1006.14,3.5,200,0.0,52
2026-06-25 19:08:31.411424+00:00,GDN_01,16.77,46.71,1010.87,7.44,353,1.88,99
2026-06-25 19:18:31.411424+00:00,GDN_01,19.77,49.19,1026.8,0.39,134,1.54,2
2026-06-25 19:28:31.411424+00:00,GDN_01,17.62,80.54,1025.13,2.78,281,0.0,26
2026-06-25 19:38:31.411424+00:00,GDN_01,18.34,52.16,1015.59,8.23,162,0.0,77
2026-06-25 19:48:31.411424+00:00,GDN_01,19.75,71.64,1028.65,2.48,294,1.18,10
2026-06-25 19:58:31.411424+00:00,GDN_01,17.52,55.6,1010.85,8.48,178,0.3,75
2026-06-25 20:08:31.411424+00:00,GDN_01,17.53,71.15,1003.18,13.21,339,1.12,79
2026-06-25 20:18:31.411424+00:00,GDN_01,14.49,51.75,1024.71,11.07,27,2.41,52
2026-06-25 20:28:31.411424+00:00,GDN_01,18.39,68.22,1016.77,13.09,137,0.0,20
2026-06-25 20:38:31.411424+00:00,GDN_01,18.58,92.29,999.03,12.71,6,0.05,97
2026-06-25 20:48:31.411424+00:00,GDN_01,14.68,53.27,1002.81,13.98,132,0.54,88
2026-06-25 20:58:31.411424+00:00,GDN_01,19.44,57.78,1017.16,5.75,201,0.0,9
2026-06-25 21:08:31.411424+00:00,GDN_01,18.17,68.77,1024.86,1.3,49,2.05,86
2026-06-25 21:18:31.411424+00:00,GDN_01,14.17,48.89,996.24,1.0,141,1.98,9
2026-06-25 21:28:31.411424+00:00,GDN_01,17.04,72.26,1025.56,2.39,190,0.1,87
2026-06-25 21:38:31.411424+00:00,GDN_01,17.11,72.54,998.6,9.7,102,0.0,66
2026-06-25 21:48:31.411424+00:00,GDN_01,17.67,83.86,1029.81,7.23,151,0.7,86
2026-06-25 21:58:31.411424+00:00,GDN_01,14.03,68.23,1017.1,11.08,271,0.82,32
2026-06-25 22:08:31.411424+00:00,GDN_01,17.83,87.26,1005.06,6.28,68,0.0,61
2026-06-25 22:18:31.411424+00:00,GDN_01,18.1,47.87,1000.14,0.62,35,0.87,21
2026-06-25 22:28:31.411424+00:00,GDN_01,14.69,46.0,1001.22,4.52,95,1.13,91
2026-06-25 22:38:31.411424+00:00,GDN_01,16.7,52.27,1009.67,3.49,148,2.05,70
2026-06-25 22:48:31.411424+00:00,GDN_01,16.85,56.31,1028.35,13.34,296,0.53,49
2026-06-25 22:58:31.411424+00:00,GDN_01,17.07,70.09,1020.01,11.7,142,0.38,79
2026-06-25 23:08:31.411424+00:00,GDN_01,17.85,88.58,1028.3,7.6,12,0.26,53
2026-06-25 23:18:31.411424+00:00,GDN_01,13.14,68.03,1006.14,12.7,336,1.48,48
2026-06-25 23:28:31.411424+00:00,GDN_01,16.03,75.43,1014.92,8.84,337,0.0,39
2026-06-25 23:38:31.411424+00:00,GDN_01,14.49,63.36,1001.25,9.67,1,0.25,88
2026-06-25 23:48:31.411424+00:00,GDN_01,17.56,93.48,1016.49,13.41,208,0.0,87
2026-06-25 23:58:31.411424+00:00,GDN_01,14.02,79.57,1014.38,2.62,132,0.98,59
2026-06-26 00:08:31.411424+00:00,GDN_01,14.55,89.2,1009.59,8.39,86,0.0,40
2026-06-26 00:18:31.411424+00:00,GDN_01,14.49,67.03,1008.75,2.97,359,1.15,66
2026-06-26 00:28:31.411424+00:00,GDN_01,13.43,94.41,1029.04,1.79,126,0.73,79
2026-06-26 00:38:31.411424+00:00,GDN_01,15.63,55.64,1015.35,6.1,293,2.68,64
2026-06-26 00:48:31.411424+00:00,GDN_01,16.25,89.06,1027.98,13.38,26,0.44,41
2026-06-26 00:58:31.411424+00:00,GDN_01,13.77,74.58,1028.48,0.01,288,0.26,65
2026-06-26 01:08:31.411424+00:00,GDN_01,18.45,75.76,1012.28,7.77,80,0.78,54
2026-06-26 01:18:31.411424+00:00,GDN_01,16.21,56.53,1015.27,12.9,336,0.73,86
2026-06-26 01:28:31.411424+00:00,GDN_01,17.71,65.08,1007.06,13.52,86,2.4,93
2026-06-26 01:38:31.411424+00:00,GDN_01,18.43,57.74,1004.51,0.54,27,0.0,56
2026-06-26 01:48:31.411424+00:00,GDN_01,16.0,93.04,1025.37,6.32,252,2.06,19
2026-06-26 01:58:31.411424+00:00,GDN_01,13.84,54.8,1015.29,11.06,42,0.0,44
2026-06-26 02:08:31.411424+00:00,GDN_01,20.44,68.72,1020.85,6.76,9,0.18,20
2026-06-26 02:18:31.411424+00:00,GDN_01,18.21,80.67,1018.83,9.01,222,0.52,6
2026-06-26 02:28:31.411424+00:00,GDN_01,14.93,55.47,1021.45,13.95,307,1.41,98
2026-06-26 02:38:31.411424+00:00,GDN_01,13.76,63.42,1009.99,3.6,106,0.0,38
2026-06-26 02:48:31.411424+00:00,GDN_01,17.3,58.81,997.45,12.45,326,0.0,34
2026-06-26 02:58:31.411424+00:00,GDN_01,14.37,71.37,1020.25,4.35,336,0.6,64
2026-06-26 03:08:31.411424+00:00,GDN_01,16.92,65.0,1005.29,4.62,272,0.97,82
2026-06-26 03:18:31.411424+00:00,GDN_01,13.19,64.9,1003.48,12.99,42,1.64,74
2026-06-26 03:28:31.411424+00:00,GDN_01,18.28,89.08,1011.97,7.28,233,1.59,69
2026-06-26 03:38:31.411424+00:00,GDN_01,14.51,48.38,997.78,8.69,55,0.0,42
2026-06-26 03:48:31.411424+00:00,GDN_01,14.33,80.46,1019.34,1.69,317,0.0,67
2026-06-26 03:58:31.411424+00:00,GDN_01,18.78,75.19,1025.87,1.15,202,0.88,37
2026-06-26 04:08:31.411424+00:00,GDN_01,15.25,55.51,1007.17,1.78,179,0.68,62
2026-06-26 04:18:31.411424+00:00,GDN_01,19.06,62.19,1021.56,2.45,195,1.32,40
2026-06-26 04:28:31.411424+00:00,GDN_01,18.95,46.88,1009.75,7.19,67,0.0,97
2026-06-26 04:38:31.411424+00:00,GDN_01,17.06,70.53,1003.55,11.14,244,0.0,44
2026-06-26 04:48:31.411424+00:00,GDN_01,17.15,78.44,1006.69,7.87,174,1.99,11
2026-06-26 04:58:31.411424+00:00,GDN_01,20.13,68.7,1012.61,6.27,357,1.67,13
2026-06-26 05:08:31.411424+00:00,GDN_01,19.5,87.28,1028.04,4.25,158,1.0,15
2026-06-26 05:18:31.411424+00:00,GDN_01,15.76,69.82,1021.15,12.42,172,1.21,16
2026-06-26 05:28:31.411424+00:00,GDN_01,18.46,55.11,1029.91,2.23,335,0.57,75
2026-06-26 05:38:31.411424+00:00,GDN_01,18.63,45.81,1017.95,12.41,116,0.08,4
2026-06-26 05:48:31.411424+00:00,GDN_01,19.17,50.66,1019.11,5.94,126,0.94,2
2026-06-26 05:58:31.411424+00:00,GDN_01,19.56,56.58,1007.66,1.64,45,0.0,52
2026-06-26 06:08:31.411424+00:00,GDN_01,14.85,52.73,1000.72,8.67,341,0.45,69
2026-06-26 06:18:31.411424+00:00,GDN_01,15.4,90.67,1010.16,7.08,329,0.63,39
2026-06-26 06:28:31.411424+00:00,GDN_01,16.11,83.97,1020.44,7.38,301,0.0,52
2026-06-26 06:38:31.411424+00:00,GDN_01,18.73,75.98,997.46,11.99,268,1.33,49
2026-06-26 06:48:31.411424+00:00,GDN_01,13.82,51.52,1029.72,4.34,106,0.58,100
2026-06-26 06:58:31.411424+00:00,GDN_01,14.59,78.35,995.44,8.7,307,0.6,70
2026-06-26 07:08:31.411424+00:00,GDN_01,18.94,80.53,1025.09,10.39,318,1.43,24
2026-06-26 07:18:31.411424+00:00,GDN_01,18.01,76.47,1003.88,7.18,159,0.0,67
2026-06-26 07:28:31.411424+00:00,GDN_01,14.63,62.7,1008.34,4.81,195,0.0,99
2026-06-26 07:38:31.411424+00:00,GDN_01,17.57,48.72,1007.07,5.89,210,0.0,19
2026-06-26 07:48:31.411424+00:00,GDN_01,18.6,51.61,1011.14,7.79,246,2.14,12
2026-06-26 07:58:31.411424+00:00,GDN_01,13.86,67.82,1001.24,2.76,355,0.0,68
2026-06-26 08:08:31.411424+00:00,GDN_01,15.1,50.36,1013.64,9.56,53,1.95,90
2026-06-26 08:18:31.411424+00:00,GDN_01,17.14,60.15,999.86,1.74,33,0.31,94
2026-06-26 08:28:31.411424+00:00,GDN_01,20.82,47.87,1008.29,12.16,151,0.96,72
2026-06-26 08:38:31.411424+00:00,GDN_01,14.96,45.45,1005.88,9.74,19,0.0,37
2026-06-26 08:48:31.411424+00:00,GDN_01,13.91,52.82,1022.24,8.83,258,0.04,1
2026-06-26 08:58:31.411424+00:00,GDN_01,20.0,91.11,1026.47,9.56,94,0.0,46
2026-06-26 09:08:31.411424+00:00,GDN_01,19.38,63.52,996.37,8.17,248,0.0,51
2026-06-26 09:18:31.411424+00:00,GDN_01,19.44,67.93,1028.17,3.6,118,1.39,42
2026-06-26 09:28:31.411424+00:00,GDN_01,18.09,59.19,1014.17,7.46,252,1.66,93
2026-06-26 09:38:31.411424+00:00,GDN_01,14.1,76.54,1011.34,7.87,1,0.0,84
2026-06-26 09:48:31.411424+00:00,GDN_01,15.46,66.59,1012.75,13.66,357,0.23,75
2026-06-26 09:58:31.411424+00:00,GDN_01,19.81,92.94,998.74,10.36,182,0.0,40
2026-06-26 10:08:31.411424+00:00,GDN_01,20.57,58.19,1023.54,11.82,169,1.05,61
2026-06-26 10:18:31.411424+00:00,GDN_01,16.1,54.17,998.42,5.65,84,2.71,77
2026-06-26 10:28:31.411424+00:00,GDN_01,17.35,56.38,1011.74,13.31,241,2.11,25
2026-06-26 10:38:31.411424+00:00,GDN_01,20.08,50.12,1023.36,3.26,3,0.7,44
2026-06-26 10:48:31.411424+00:00,GDN_01,17.74,91.86,1002.97,6.78,186,2.2,8
2026-06-26 10:58:31.411424+00:00,GDN_01,13.4,50.39,1018.24,4.26,59,0.57,41
2026-06-26 11:08:31.411424+00:00,GDN_01,15.42,80.48,1004.05,1.33,141,0.51,65
2026-06-26 11:18:31.411424+00:00,GDN_01,15.53,93.84,1001.75,13.26,210,0.0,25
2026-06-26 11:28:31.411424+00:00,GDN_01,20.99,71.45,1016.1,12.55,225,0.0,94
2026-06-26 11:38:31.411424+00:00,GDN_01,13.52,85.19,1016.77,9.99,312,0.41,14
2026-06-26 11:48:31.411424+00:00,GDN_01,13.89,70.6,1028.56,0.07,302,1.14,3
2026-06-26 11:58:31.411424+00:00,GDN_01,13.79,56.03,1021.4,5.92,234,2.12,56
2026-06-26 12:08:31.411424+00:00,GDN_01,18.44,56.91,1001.79,2.63,7,0.0,53
2026-06-26 12:18:31.411424+00:00,GDN_01,18.36,62.46,1012.76,3.66,218,2.2,36
2026-06-26 12:28:31.411424+00:00,GDN_01,20.88,74.37,1012.89,4.9,306,0.75,90
2026-06-26 12:38:31.411424+00:00,GDN_01,17.72,58.9,995.22,9.89,205,2.63,92
2026-06-26 12:48:31.411424+00:00,GDN_01,16.53,93.55,1016.44,7.1,270,0.0,90
2026-06-26 12:58:31.411424+00:00,GDN_01,15.86,81.49,998.64,10.99,128,0.02,53
2026-06-26 13:08:31.411424+00:00,GDN_01,14.11,88.76,1008.83,13.76,227,0.61,48
2026-06-26 13:18:31.411424+00:00,GDN_01,13.11,65.19,996.39,2.01,57,0.0,63
2026-06-26 13:28:31.411424+00:00,GDN_01,18.6,59.93,1016.94,5.46,82,0.18,81
2026-06-26 13:38:31.411424+00:00,GDN_01,18.67,47.29,1003.35,11.41,358,0.0,56
2026-06-26 13:48:31.411424+00:00,GDN_01,20.06,92.54,1013.37,11.28,82,0.67,73
2026-06-26 13:58:31.411424+00:00,GDN_01,14.64,56.1,1025.29,4.29,130,1.42,43
2026-06-26 14:08:31.411424+00:00,GDN_01,17.46,60.99,1011.07,3.68,347,0.0,1
2026-06-26 14:18:31.411424+00:00,GDN_01,20.9,92.07,997.18,3.27,108,2.18,50
2026-06-26 14:28:31.411424+00:00,GDN_01,14.4,50.31,1017.06,12.66,194,1.66,4
2026-06-26 14:38:31.411424+00:00,GDN_01,16.94,62.16,1018.09,6.11,300,0.9,82
2026-06-26 14:48:31.411424+00:00,GDN_01,18.96,68.53,1017.84,2.78,299,1.77,20
2026-06-26 14:58:31.411424+00:00,GDN_01,15.16,94.16,1026.99,12.07,282,0.0,100
2026-06-26 15:08:31.411424+00:00,GDN_01,15.82,59.5,1025.55,0.09,99,0.0,82
2026-06-26 15:18:31.411424+00:00,GDN_01,18.67,76.14,1029.2,2.73,195,1.7,10
2026-06-26 15:28:31.411424+00:00,GDN_01,15.71,70.6,996.46,6.89,0,2.0,1
2026-06-26 15:38:31.411424+00:00,GDN_01,15.9,71.41,1025.93,8.87,49,0.65,78
2026-06-26 15:48:31.411424+00:00,GDN_01,16.38,48.13,995.1,10.24,22,0.23,1
2026-06-26 15:58:31.411424+00:00,GDN_01,18.7,50.35,996.87,2.31,344,1.03,29
2026-06-26 16:08:31.411424+00:00,GDN_01,18.14,77.84,1028.1,5.34,300,0.07,93
2026-06-26 16:18:31.411424+00:00,GDN_01,16.4,47.06,998.17,9.25,88,1.24,70
2026-06-26 16:28:31.411424+00:00,GDN_01,16.06,70.43,1004.62,5.64,97,0.8,26
2026-06-26 16:38:31.411424+00:00,GDN_01,20.61,76.32,1017.02,2.5,318,1.61,59
2026-06-26 16:48:31.411424+00:00,GDN_01,13.44,74.38,1013.45,2.82,112,0.41,90
2026-06-26 16:58:31.411424+00:00,GDN_01,19.63,74.72,1026.54,7.35,352,0.0,45
2026-06-26 17:08:31.411424+00:00,GDN_01,15.58,86.49,1014.45,2.38,91,0.06,32
2026-06-26 17:18:31.411424+00:00,GDN_01,19.98,84.63,1000.46,1.31,133,1.4,88
2026-06-26 17:28:31.411424+00:00,GDN_01,13.46,47.6,1023.48,4.94,90,0.85,60
2026-06-26 17:38:31.411424+00:00,GDN_01,16.78,80.73,1010.07,11.27,292,0.89,59
2026-06-26 17:48:31.411424+00:00,GDN_01,14.51,78.09,1024.35,5.03,209,1.34,4
2026-06-26 17:58:31.411424+00:00,GDN_01,14.81,93.55,1017.96,2.76,341,0.22,96
2026-06-26 18:08:31.411424+00:00,GDN_01,18.4,65.56,998.76,7.84,89,0.21,15
2026-06-26 18:18:31.411424+00:00,GDN_01,19.7,59.72,1024.35,5.37,99,0.98,45
2026-06-26 18:28:31.411424+00:00,GDN_01,19.76,52.43,1010.3,6.78,311,0.77,18
2026-06-26 18:38:31.411424+00:00,GDN_01,13.16,74.61,1001.23,3.2,49,0.0,50
2026-06-26 18:48:31.411424+00:00,GDN_01,17.06,76.99,1015.18,12.08,50,1.0,7
2026-06-26 18:58:31.411424+00:00,GDN_01,18.69,53.63,1005.0,7.27,253,1.91,30
2026-06-26 19:08:31.411424+00:00,GDN_01,20.45,73.62,1003.94,1.52,71,0.0,18
2026-06-26 19:18:31.411424+00:00,GDN_01,15.0,90.71,1017.57,5.15,336,0.0,82
2026-06-26 19:28:31.411424+00:00,GDN_01,14.0,55.85,1019.58,2.79,259,1.52,43
2026-06-26 19:38:31.411424+00:00,GDN_01,19.77,83.74,1013.29,5.62,226,1.29,6
2026-06-26 19:48:31.411424+00:00,GDN_01,13.31,64.41,1022.57,4.58,301,0.45,70
2026-06-26 19:58:31.411424+00:00,GDN_01,17.39,66.31,999.94,9.42,16,0.0,81
2026-06-26 20:08:31.411424+00:00,GDN_01,13.87,47.72,1028.36,3.65,321,0.73,15
2026-06-26 20:18:31.411424+00:00,GDN_01,15.38,78.72,1028.67,8.35,95,0.0,72
2026-06-26 20:28:31.411424+00:00,GDN_01,19.54,82.73,1026.86,8.55,243,0.0,12
2026-06-26 20:38:31.411424+00:00,GDN_01,14.56,48.49,1029.08,3.66,141,0.81,33
2026-06-26 20:48:31.411424+00:00,GDN_01,15.17,90.21,1012.57,6.08,64,0.0,4
2026-06-26 20:58:31.411424+00:00,GDN_01,15.89,45.14,1024.1,13.37,68,0.0,49
2026-06-26 21:08:31.411424+00:00,GDN_01,14.02,74.99,1016.5,10.42,94,0.93,70
2026-06-26 21:18:31.411424+00:00,GDN_01,20.12,76.47,1024.03,10.71,327,1.16,48
2026-06-26 21:28:31.411424+00:00,GDN_01,14.36,57.67,1004.18,5.91,43,1.28,45
2026-06-26 21:38:31.411424+00:00,GDN_01,19.58,74.0,1011.42,7.21,146,0.0,74
2026-06-26 21:48:31.411424+00:00,GDN_01,16.84,74.82,1025.15,2.9,74,1.96,65
2026-06-26 21:58:31.411424+00:00,GDN_01,14.43,88.82,1014.64,4.85,262,1.45,26
2026-06-26 22:08:31.411424+00:00,GDN_01,14.59,93.11,1017.94,9.34,235,1.47,11
2026-06-26 22:18:31.411424+00:00,GDN_01,16.59,90.07,1029.91,3.68,308,2.16,41
2026-06-26 22:28:31.411424+00:00,GDN_01,19.8,82.14,1020.1,2.54,324,0.68,15
2026-06-26 22:38:31.411424+00:00,GDN_01,18.52,90.53,1008.03,12.05,4,2.22,28
2026-06-26 22:48:31.411424+00:00,GDN_01,13.12,77.99,1026.15,13.92,260,1.75,93
2026-06-26 22:58:31.411424+00:00,GDN_01,19.65,74.05,1018.41,2.46,164,0.05,55
2026-06-26 23:08:31.411424+00:00,GDN_01,19.53,59.96,1000.6,10.89,113,0.0,63
2026-06-26 23:18:31.411424+00:00,GDN_01,16.8,83.21,1015.28,8.07,180,0.41,24
2026-06-26 23:28:31.411424+00:00,GDN_01,14.66,83.32,1024.24,11.41,290,0.07,60
2026-06-26 23:38:31.411424+00:00,GDN_01,20.55,61.83,1028.43,11.71,291,0.0,97
2026-06-26 23:48:31.411424+00:00,GDN_01,20.08,92.49,1019.5,12.74,181,1.3,67
2026-06-26 23:58:31.411424+00:00,GDN_01,19.3,92.99,1003.24,13.07,43,0.97,49
2026-06-27 00:08:31.411424+00:00,GDN_01,17.94,48.57,1010.08,11.5,24,0.18,53
2026-06-27 00:18:31.411424+00:00,GDN_01,14.99,78.06,1013.48,7.1,352,1.12,38
2026-06-27 00:28:31.411424+00:00,GDN_01,20.64,50.55,1004.11,0.35,233,1.22,49
2026-06-27 00:38:31.411424+00:00,GDN_01,20.83,55.58,1020.62,13.47,62,0.63,27
2026-06-27 00:48:31.411424+00:00,GDN_01,14.05,87.99,1020.09,11.84,40,0.84,39
2026-06-27 00:58:31.411424+00:00,GDN_01,13.37,51.42,999.25,7.64,282,0.0,43
2026-06-27 01:08:31.411424+00:00,GDN_01,16.52,49.11,1021.84,0.29,88,2.37,54
2026-06-27 01:18:31.411424+00:00,GDN_01,19.55,56.08,1018.5,10.55,158,0.0,55
2026-06-27 01:28:31.411424+00:00,GDN_01,20.64,67.18,996.65,9.62,110,0.0,17
2026-06-27 01:38:31.411424+00:00,GDN_01,20.78,66.4,1014.7,12.31,339,0.65,88
2026-06-27 01:48:31.411424+00:00,GDN_01,20.87,51.46,1028.31,13.06,184,0.04,60
2026-06-27 01:58:31.411424+00:00,GDN_01,14.19,91.24,1026.34,3.51,213,1.26,81
2026-06-27 02:08:31.411424+00:00,GDN_01,13.91,49.93,1011.18,5.95,72,0.0,65
2026-06-27 02:18:31.411424+00:00,GDN_01,19.16,46.09,1002.86,4.48,330,0.0,73
2026-06-27 02:28:31.411424+00:00,GDN_01,16.29,67.81,1006.32,4.99,212,1.96,93
2026-06-27 02:38:31.411424+00:00,GDN_01,13.75,76.85,1003.06,3.84,276,0.0,6
2026-06-27 02:48:31.411424+00:00,GDN_01,14.02,79.09,1005.99,11.5,122,0.74,9
2026-06-27 02:58:31.411424+00:00,GDN_01,16.24,61.29,1020.87,5.97,303,1.08,38
2026-06-27 03:08:31.411424+00:00,GDN_01,20.06,58.5,1016.41,7.75,346,0.58,25
2026-06-27 03:18:31.411424+00:00,GDN_01,17.56,49.19,1005.37,6.29,251,0.69,73
2026-06-27 03:28:31.411424+00:00,GDN_01,19.92,82.81,1006.75,4.59,156,0.56,56
2026-06-27 03:38:31.411424+00:00,GDN_01,19.71,71.98,1009.05,13.14,323,0.0,16
2026-06-27 03:48:31.411424+00:00,GDN_01,18.13,78.39,1003.51,6.17,127,0.0,13
2026-06-27 03:58:31.411424+00:00,GDN_01,15.27,82.09,1011.27,6.13,219,1.01,22
2026-06-27 04:08:31.411424+00:00,GDN_01,16.92,60.23,1015.0,8.53,261,1.1,53
2026-06-27 04:18:31.411424+00:00,GDN_01,17.4,89.19,1000.65,10.94,77,0.0,25
2026-06-27 04:28:31.411424+00:00,GDN_01,17.38,73.6,1008.59,6.56,348,2.1,73
2026-06-27 04:38:31.411424+00:00,GDN_01,15.45,54.97,997.84,5.56,186,2.45,87
2026-06-27 04:48:31.411424+00:00,GDN_01,19.35,51.57,1008.43,2.19,47,0.73,26
2026-06-27 04:58:31.411424+00:00,GDN_01,17.56,69.84,1017.41,7.44,346,0.0,28
2026-06-27 05:08:31.411424+00:00,GDN_01,19.99,75.65,1019.03,7.15,71,0.0,82
2026-06-27 05:18:31.411424+00:00,GDN_01,16.02,87.61,1020.95,8.96,334,0.0,79
2026-06-27 05:28:31.411424+00:00,GDN_01,18.88,51.55,1027.14,1.4,277,1.61,94
2026-06-27 05:38:31.411424+00:00,GDN_01,17.93,48.79,997.89,1.07,64,0.69,51
2026-06-27 05:48:31.411424+00:00,GDN_01,16.65,55.0,1018.28,8.68,314,0.0,24
2026-06-27 05:58:31.411424+00:00,GDN_01,16.47,48.76,1012.62,12.81,309,0.92,89
2026-06-27 06:08:31.411424+00:00,GDN_01,16.75,84.08,999.01,3.29,173,1.75,69
2026-06-27 06:18:31.411424+00:00,GDN_01,13.77,60.37,1013.04,5.0,176,0.71,74
2026-06-27 06:28:31.411424+00:00,GDN_01,16.25,60.9,1016.03,2.3,335,0.26,85
2026-06-27 06:38:31.411424+00:00,GDN_01,17.46,65.1,1014.57,3.73,309,0.0,48
2026-06-27 06:48:31.411424+00:00,GDN_01,19.34,79.63,1011.98,12.71,37,0.0,1
2026-06-27 06:58:31.411424+00:00,GDN_01,14.32,76.94,1006.92,3.85,33,0.0,20
2026-06-27 07:08:31.411424+00:00,GDN_01,20.54,61.42,998.25,5.58,169,0.25,96
2026-06-27 07:18:31.411424+00:00,GDN_01,13.99,86.59,1027.78,11.42,237,1.58,99
2026-06-27 07:28:31.411424+00:00,GDN_01,20.12,66.84,1009.0,1.25,63,1.65,65
2026-06-27 07:38:31.411424+00:00,GDN_01,15.03,68.3,1025.2,5.34,161,0.99,68
2026-06-27 07:48:31.411424+00:00,GDN_01,18.41,55.85,1000.99,13.92,356,1.58,87
2026-06-27 07:58:31.411424+00:00,GDN_01,13.46,80.8,1001.42,4.57,241,0.96,33
2026-06-27 08:08:31.411424+00:00,GDN_01,14.35,53.42,998.72,12.73,307,0.99,76
2026-06-27 08:18:31.411424+00:00,GDN_01,19.38,91.57,1008.89,1.68,269,0.25,38
2026-06-27 08:28:31.411424+00:00,GDN_01,15.03,47.83,998.94,12.88,351,1.56,70
2026-06-27 08:38:31.411424+00:00,GDN_01,18.8,61.74,1018.95,4.85,88,0.21,0
2026-06-27 08:48:31.411424+00:00,GDN_01,16.71,86.89,1017.91,1.32,43,0.85,88
2026-06-27 08:58:31.411424+00:00,GDN_01,15.33,75.68,1005.78,7.03,192,0.14,1
2026-06-27 09:08:31.411424+00:00,GDN_01,18.55,88.54,1026.85,11.88,135,0.26,91
2026-06-27 09:18:31.411424+00:00,GDN_01,14.18,78.98,1029.46,12.01,22,0.27,25
2026-06-27 09:28:31.411424+00:00,GDN_01,20.71,82.29,1018.43,3.79,180,0.0,71
2026-06-27 09:38:31.411424+00:00,GDN_01,20.66,75.03,1025.88,13.63,84,0.09,9
2026-06-27 09:48:31.411424+00:00,GDN_01,14.71,66.87,1006.26,0.21,190,0.28,45
2026-06-27 09:58:31.411424+00:00,GDN_01,17.05,45.35,1016.51,10.54,339,0.68,17
2026-06-27 10:08:31.411424+00:00,GDN_01,19.37,91.17,1006.39,8.32,122,1.47,44
2026-06-27 10:18:31.411424+00:00,GDN_01,13.97,75.49,1022.38,10.42,103,0.17,46
2026-06-27 10:28:31.411424+00:00,GDN_01,16.48,53.28,1014.73,0.83,27,0.0,13
2026-06-27 10:38:31.411424+00:00,GDN_01,19.2,81.98,1011.57,11.62,33,0.0,94
2026-06-27 10:48:31.411424+00:00,GDN_01,20.76,91.5,1017.19,6.34,73,0.0,49
2026-06-27 10:58:31.411424+00:00,GDN_01,16.78,60.31,1025.78,3.8,295,0.06,28
2026-06-27 11:08:31.411424+00:00,GDN_01,17.02,54.92,1004.51,12.66,66,1.21,66
2026-06-27 11:18:31.411424+00:00,GDN_01,20.91,50.6,1000.46,13.87,37,0.81,45
2026-06-27 11:28:31.411424+00:00,GDN_01,14.08,65.92,1004.44,7.74,346,0.49,23
2026-06-27 11:38:31.411424+00:00,GDN_01,14.65,54.99,1021.47,1.04,167,0.0,91
2026-06-27 11:48:31.411424+00:00,GDN_01,14.9,87.96,1002.48,12.27,78,0.0,50
2026-06-27 11:58:31.411424+00:00,GDN_01,13.68,93.46,997.27,11.86,105,0.0,50
2026-06-27 12:08:31.411424+00:00,GDN_01,16.99,67.55,1006.52,3.25,41,0.92,79
2026-06-27 12:18:31.411424+00:00,GDN_01,15.0,81.25,1020.64,10.85,327,0.9,9
2026-06-27 12:28:31.411424+00:00,GDN_01,18.79,75.43,1011.92,12.63,243,0.0,47
2026-06-27 12:38:31.411424+00:00,GDN_01,17.92,71.75,1000.02,11.13,224,1.87,59
2026-06-27 12:48:31.411424+00:00,GDN_01,20.48,74.3,1003.61,4.82,81,0.25,90
2026-06-27 12:58:31.411424+00:00,GDN_01,16.06,62.31,1005.13,8.7,206,1.18,67
2026-06-27 13:08:31.411424+00:00,GDN_01,18.34,66.71,1011.71,2.61,81,0.0,8
2026-06-27 13:18:31.411424+00:00,GDN_01,20.39,89.54,1023.48,13.77,228,0.0,71
2026-06-27 13:28:31.411424+00:00,GDN_01,17.35,89.99,1011.84,7.2,230,0.0,100
2026-06-27 13:38:31.411424+00:00,GDN_01,16.51,61.97,1026.41,9.69,326,1.31,46
2026-06-27 13:48:31.411424+00:00,GDN_01,15.91,63.31,1005.17,1.44,287,0.0,50
2026-06-27 13:58:31.411424+00:00,GDN_01,17.24,85.65,1009.86,6.54,239,0.0,13
2026-06-27 14:08:31.411424+00:00,GDN_01,20.95,88.5,1028.77,10.88,201,0.53,59
2026-06-27 14:18:31.411424+00:00,GDN_01,14.98,63.69,1027.87,9.04,35,0.5,94
2026-06-27 14:28:31.411424+00:00,GDN_01,13.69,89.05,1016.72,3.95,98,0.0,34
2026-06-27 14:38:31.411424+00:00,GDN_01,14.82,59.9,1003.64,12.75,304,0.0,76
2026-06-27 14:48:31.411424+00:00,GDN_01,19.61,83.64,1007.93,3.46,319,1.96,91
2026-06-27 14:58:31.411424+00:00,GDN_01,20.36,92.07,1021.8,10.15,282,1.73,64
2026-06-27 15:08:31.411424+00:00,GDN_01,16.56,66.52,1023.96,3.21,288,0.0,69
2026-06-27 15:18:31.411424+00:00,GDN_01,16.4,49.51,1015.51,13.63,195,0.0,84
2026-06-27 15:28:31.411424+00:00,GDN_01,14.23,68.58,1022.07,4.43,69,1.35,11
2026-06-27 15:38:31.411424+00:00,GDN_01,18.82,79.94,1001.93,11.76,269,0.0,26
2026-06-27 15:48:31.411424+00:00,GDN_01,13.22,56.12,1006.74,6.85,328,1.22,30
2026-06-27 15:58:31.411424+00:00,GDN_01,18.71,66.1,1008.33,11.71,82,0.0,82
2026-06-27 16:08:31.411424+00:00,GDN_01,19.91,88.43,996.72,12.63,177,0.0,30
2026-06-27 16:18:31.411424+00:00,GDN_01,20.7,81.96,1008.17,13.07,270,0.9,67
2026-06-27 16:28:31.411424+00:00,GDN_01,14.53,68.6,1028.33,2.49,78,0.39,48
2026-06-27 16:38:31.411424+00:00,GDN_01,13.19,50.01,1009.97,3.33,200,1.0,8
2026-06-27 16:48:31.411424+00:00,GDN_01,15.04,49.95,1011.73,9.22,273,0.0,45
2026-06-27 16:58:31.411424+00:00,GDN_01,16.86,64.56,998.83,5.21,124,0.11,28
2026-06-27 17:08:31.411424+00:00,GDN_01,20.64,45.28,1018.58,2.02,104,1.06,13
2026-06-27 17:18:31.411424+00:00,GDN_01,15.66,88.35,1020.08,11.86,280,0.0,15
2026-06-27 17:28:31.411424+00:00,GDN_01,18.53,86.97,1014.9,1.81,333,2.35,53
2026-06-27 17:38:31.411424+00:00,GDN_01,13.54,50.12,1019.44,0.2,108,0.22,65
2026-06-27 17:48:31.411424+00:00,GDN_01,16.39,91.46,1020.07,7.46,289,0.55,61
2026-06-27 17:58:31.411424+00:00,GDN_01,17.42,78.03,1007.56,11.65,5,0.34,42
2026-06-27 18:08:31.411424+00:00,GDN_01,17.17,65.83,1009.89,0.59,122,0.55,18
2026-06-27 18:18:31.411424+00:00,GDN_01,15.61,73.15,1029.36,4.38,63,0.07,93
2026-06-27 18:28:31.411424+00:00,GDN_01,19.48,87.8,1003.72,5.46,23,3.75,12
2026-06-27 18:38:31.411424+00:00,GDN_01,19.64,48.39,1000.26,5.92,148,3.48,37
2026-06-27 18:48:31.411424+00:00,GDN_01,19.28,56.62,1029.78,13.18,337,0.64,30
2026-06-27 18:58:31.411424+00:00,GDN_01,14.94,73.66,1028.23,6.53,153,0.94,71
2026-06-27 19:08:31.411424+00:00,GDN_01,16.57,86.9,1027.43,1.83,95,2.86,3
2026-06-27 19:18:31.411424+00:00,GDN_01,15.28,47.56,1015.77,12.99,211,0.0,98
2026-06-27 19:28:31.411424+00:00,GDN_01,17.84,51.48,1015.09,4.36,32,0.16,4
2026-06-27 19:38:31.411424+00:00,GDN_01,13.76,52.42,1025.03,13.37,350,0.0,95
2026-06-27 19:48:31.411424+00:00,GDN_01,14.76,55.64,1028.15,0.0,358,0.79,32
2026-06-27 19:58:31.411424+00:00,GDN_01,13.41,69.52,1028.23,2.53,172,0.03,96
2026-06-27 20:08:31.411424+00:00,GDN_01,15.47,52.86,1002.75,6.17,291,0.98,55
2026-06-27 20:18:31.411424+00:00,GDN_01,15.47,84.72,1026.61,10.59,49,2.24,54
2026-06-27 20:28:31.411424+00:00,GDN_01,19.61,53.72,1013.19,4.15,160,1.23,31
2026-06-27 20:38:31.411424+00:00,GDN_01,18.0,74.81,1011.56,9.65,52,0.33,39
2026-06-27 20:48:31.411424+00:00,GDN_01,14.34,59.42,1012.3,11.7,212,0.67,27
2026-06-27 20:58:31.411424+00:00,GDN_01,18.22,83.83,1006.08,2.3,252,0.0,18
2026-06-27 21:08:31.411424+00:00,GDN_01,17.46,48.4,1003.86,8.07,6,0.0,62
2026-06-27 21:18:31.411424+00:00,GDN_01,17.52,60.4,1012.99,8.92,55,0.0,80
2026-06-27 21:28:31.411424+00:00,GDN_01,13.3,89.65,1021.53,7.11,276,0.0,3
2026-06-27 21:38:31.411424+00:00,GDN_01,18.44,45.16,999.09,1.98,9,1.08,73
2026-06-27 21:48:31.411424+00:00,GDN_01,15.74,93.78,995.62,9.28,330,0.0,85
2026-06-27 21:58:31.411424+00:00,GDN_01,18.34,81.59,1014.46,7.97,81,1.08,20
2026-06-27 22:08:31.411424+00:00,GDN_01,18.38,92.13,1014.87,8.19,274,0.09,43
2026-06-27 22:18:31.411424+00:00,GDN_01,19.45,92.31,1018.2,10.69,168,0.26,92
2026-06-27 22:28:31.411424+00:00,GDN_01,16.32,76.64,1023.02,7.87,31,0.0,49
2026-06-27 22:38:31.411424+00:00,GDN_01,16.28,64.2,1007.14,4.54,81,0.71,89
2026-06-27 22:48:31.411424+00:00,GDN_01,15.97,51.44,1004.15,2.28,199,0.57,96
2026-06-27 22:58:31.411424+00:00,GDN_01,18.83,47.35,999.71,6.7,189,0.04,18
2026-06-27 23:08:31.411424+00:00,GDN_01,16.04,69.12,1003.44,12.78,41,2.03,11
2026-06-27 23:18:31.411424+00:00,GDN_01,18.13,74.54,999.76,2.08,64,1.28,95
2026-06-27 23:28:31.411424+00:00,GDN_01,13.11,78.74,1009.44,11.8,262,0.78,67
2026-06-27 23:38:31.411424+00:00,GDN_01,20.89,81.62,995.19,10.29,130,0.44,75
2026-06-27 23:48:31.411424+00:00,GDN_01,19.33,78.86,1002.73,5.92,262,0.0,68
2026-06-27 23:58:31.411424+00:00,GDN_01,18.68,63.95,1003.98,2.65,345,1.37,35
2026-06-28 00:08:31.411424+00:00,GDN_01,20.25,80.01,1011.97,6.34,34,0.0,67
2026-06-28 00:18:31.411424+00:00,GDN_01,13.04,78.34,1023.59,1.36,138,0.34,87
2026-06-28 00:28:31.411424+00:00,GDN_01,18.92,62.69,996.83,9.23,37,0.0,62
2026-06-28 00:38:31.411424+00:00,GDN_01,17.37,64.95,1023.58,6.48,57,1.7,59
2026-06-28 00:48:31.411424+00:00,GDN_01,20.47,72.93,1024.28,10.29,87,1.16,95
2026-06-28 00:58:31.411424+00:00,GDN_01,15.91,70.35,1015.23,7.98,296,0.56,60
2026-06-28 01:08:31.411424+00:00,GDN_01,19.62,62.12,1016.1,12.0,101,1.52,55
2026-06-28 01:18:31.411424+00:00,GDN_01,19.62,69.72,1010.06,4.13,214,0.45,85
2026-06-28 01:28:31.411424+00:00,GDN_01,14.83,73.91,995.23,7.91,68,1.16,22
2026-06-28 01:38:31.411424+00:00,GDN_01,15.42,58.55,1007.11,8.33,89,1.03,14
2026-06-28 01:48:31.411424+00:00,GDN_01,20.39,51.46,1016.42,4.31,342,0.48,67
2026-06-28 01:58:31.411424+00:00,GDN_01,17.03,90.05,1027.82,6.46,179,0.52,88
2026-06-28 02:08:31.411424+00:00,GDN_01,19.74,88.9,1000.71,8.26,357,0.0,73
2026-06-28 02:18:31.411424+00:00,GDN_01,15.3,62.39,1007.44,7.51,72,1.76,1
2026-06-28 02:28:31.411424+00:00,GDN_01,15.6,58.67,1013.62,6.61,94,2.1,73
2026-06-28 02:38:31.411424+00:00,GDN_01,21.0,67.2,1028.08,3.6,133,0.0,17
2026-06-28 02:48:31.411424+00:00,GDN_01,19.66,46.88,1009.04,2.75,278,0.0,52
2026-06-28 02:58:31.411424+00:00,GDN_01,17.1,74.21,998.42,4.83,287,0.2,50
2026-06-28 03:08:31.411424+00:00,GDN_01,20.51,81.3,1005.3,4.62,23,2.6,44
2026-06-28 03:18:31.411424+00:00,GDN_01,14.88,80.19,1019.59,6.5,175,0.33,30
2026-06-28 03:28:31.411424+00:00,GDN_01,20.64,80.96,1024.62,9.29,53,1.18,99
2026-06-28 03:38:31.411424+00:00,GDN_01,14.33,84.23,1013.83,13.14,139,0.0,4
2026-06-28 03:48:31.411424+00:00,GDN_01,20.49,69.64,1003.18,4.11,202,0.55,44
2026-06-28 03:58:31.411424+00:00,GDN_01,13.94,82.94,1009.59,6.5,351,0.0,26
2026-06-28 04:08:31.411424+00:00,GDN_01,17.07,92.46,1017.8,5.0,300,0.56,90
2026-06-28 04:18:31.411424+00:00,GDN_01,16.74,46.27,1024.97,12.35,120,1.62,61
2026-06-28 04:28:31.411424+00:00,GDN_01,13.11,85.54,1024.47,11.36,215,0.0,22
2026-06-28 04:38:31.411424+00:00,GDN_01,19.31,81.71,1008.61,6.24,39,0.0,69
2026-06-28 04:48:31.411424+00:00,GDN_01,14.11,71.02,1016.0,9.42,139,0.0,19
2026-06-28 04:58:31.411424+00:00,GDN_01,16.7,58.07,1004.18,11.3,217,2.82,77
2026-06-28 05:08:31.411424+00:00,GDN_01,16.6,47.77,997.02,4.21,160,0.42,51
2026-06-28 05:18:31.411424+00:00,GDN_01,20.92,53.68,1028.86,9.1,215,0.79,4
2026-06-28 05:28:31.411424+00:00,GDN_01,16.43,67.68,1008.89,13.25,251,0.79,34
2026-06-28 05:38:31.411424+00:00,GDN_01,14.33,47.3,1028.35,11.46,327,2.14,83
2026-06-28 05:48:31.411424+00:00,GDN_01,17.45,45.85,1011.48,8.86,353,0.0,10
2026-06-28 05:58:31.411424+00:00,GDN_01,19.67,59.63,1027.46,0.67,355,0.83,53
2026-06-28 06:08:31.411424+00:00,GDN_01,14.89,48.23,1013.99,13.6,172,1.09,42
2026-06-28 06:18:31.411424+00:00,GDN_01,15.35,52.01,1024.31,3.66,34,0.06,53
2026-06-28 06:28:31.411424+00:00,GDN_01,16.0,84.57,1027.03,8.83,165,0.0,84
2026-06-28 06:38:31.411424+00:00,GDN_01,13.9,77.59,1008.39,13.49,47,0.49,18
2026-06-28 06:48:31.411424+00:00,GDN_01,18.66,88.58,997.93,3.63,193,0.0,16
2026-06-28 06:58:31.411424+00:00,GDN_01,20.56,64.27,995.91,4.4,10,0.0,52
2026-06-28 07:08:31.411424+00:00,GDN_01,19.81,74.56,998.9,1.94,170,0.0,58
2026-06-28 07:18:31.411424+00:00,GDN_01,15.32,86.37,1026.59,12.17,212,0.02,62
2026-06-28 07:28:31.411424+00:00,GDN_01,14.46,70.44,1027.76,12.23,91,0.0,5
2026-06-28 07:38:31.411424+00:00,GDN_01,18.35,68.17,1012.05,11.28,345,0.0,42
2026-06-28 07:48:31.411424+00:00,GDN_01,14.59,76.27,1003.94,4.75,122,1.36,49
2026-06-28 07:58:31.411424+00:00,GDN_01,14.94,87.26,998.99,6.01,79,0.41,11
2026-06-28 08:08:31.411424+00:00,GDN_01,18.16,72.23,1010.7,7.73,196,1.04,14
2026-06-28 08:18:31.411424+00:00,GDN_01,17.71,85.34,1011.17,11.42,247,0.0,76
2026-06-28 08:28:31.411424+00:00,GDN_01,19.97,86.98,995.99,5.86,176,0.47,71
2026-06-28 08:38:31.411424+00:00,GDN_01,13.56,91.16,997.78,12.02,120,0.37,52
2026-06-28 08:48:31.411424+00:00,GDN_01,16.19,72.02,1004.09,6.63,303,0.0,3
2026-06-28 08:58:31.411424+00:00,GDN_01,20.36,48.95,1027.92,13.67,293,0.18,1
2026-06-28 09:08:31.411424+00:00,GDN_01,14.48,45.16,1003.84,1.85,357,0.42,47
2026-06-28 09:18:31.411424+00:00,GDN_01,18.56,82.76,1020.2,11.29,231,0.0,65
2026-06-28 09:28:31.411424+00:00,GDN_01,17.09,77.09,1025.48,4.64,211,0.0,73
2026-06-28 09:38:31.411424+00:00,GDN_01,18.34,73.48,1002.06,9.85,148,1.64,40
2026-06-28 09:48:31.411424+00:00,GDN_01,13.21,79.65,1001.71,6.41,148,0.64,29
2026-06-28 09:58:31.411424+00:00,GDN_01,13.69,62.47,1029.79,11.21,319,1.11,57
2026-06-28 10:08:31.411424+00:00,GDN_01,18.33,94.1,995.59,5.86,263,0.42,13
2026-06-28 10:18:31.411424+00:00,GDN_01,18.83,58.01,1010.18,0.78,153,0.03,4
2026-06-28 10:28:31.411424+00:00,GDN_01,17.1,59.13,1008.01,3.59,109,1.65,47
2026-06-28 10:38:31.411424+00:00,GDN_01,16.72,62.13,1022.62,4.68,258,0.0,61
2026-06-28 10:48:31.411424+00:00,GDN_01,14.79,60.47,1021.05,10.85,117,2.58,48
2026-06-28 10:58:31.411424+00:00,GDN_01,16.27,66.23,1018.38,0.87,48,1.15,98
2026-06-28 11:08:31.411424+00:00,GDN_01,14.51,70.59,1025.29,2.87,257,0.72,49
2026-06-28 11:18:31.411424+00:00,GDN_01,17.73,68.66,1024.49,8.78,296,0.0,31
2026-06-28 11:28:31.411424+00:00,GDN_01,20.75,89.11,1005.08,13.36,293,0.0,70
2026-06-28 11:38:31.411424+00:00,GDN_01,15.24,55.1,998.84,0.61,242,0.27,77
2026-06-28 11:48:31.411424+00:00,GDN_01,16.43,58.28,1011.35,10.04,169,0.21,76
2026-06-28 11:58:31.411424+00:00,GDN_01,20.94,53.99,997.64,7.25,32,0.0,5
2026-06-28 12:08:31.411424+00:00,GDN_01,19.66,70.57,1013.83,8.5,110,0.7,77
2026-06-28 12:18:31.411424+00:00,GDN_01,18.75,56.39,1022.04,1.91,219,2.19,85
2026-06-28 12:28:31.411424+00:00,GDN_01,14.52,49.81,1024.06,1.71,315,0.14,11
2026-06-28 12:38:31.411424+00:00,GDN_01,18.57,73.66,1021.51,10.24,264,0.91,41
2026-06-28 12:48:31.411424+00:00,GDN_01,15.4,51.12,1000.79,1.87,216,0.22,6
2026-06-28 12:58:31.411424+00:00,GDN_01,19.1,91.81,1002.26,2.11,64,0.0,92
2026-06-28 13:08:31.411424+00:00,GDN_01,19.09,67.78,1026.7,1.3,270,0.0,26
2026-06-28 13:18:31.411424+00:00,GDN_01,19.62,62.57,1026.51,2.27,102,0.0,63
2026-06-28 13:28:31.411424+00:00,GDN_01,14.28,81.34,1000.82,2.99,189,0.0,77
2026-06-28 13:38:31.411424+00:00,GDN_01,16.84,84.53,1004.4,8.11,259,0.61,91
2026-06-28 13:48:31.411424+00:00,GDN_01,13.57,85.56,1003.62,2.21,229,0.7,12
2026-06-28 13:58:31.411424+00:00,GDN_01,13.93,91.11,1027.9,1.6,313,1.14,38
2026-06-28 14:08:31.411424+00:00,GDN_01,14.81,49.17,1018.13,9.57,176,0.32,87
2026-06-28 14:18:31.411424+00:00,GDN_01,18.64,53.71,1008.88,6.75,257,0.0,32
2026-06-28 14:28:31.411424+00:00,GDN_01,14.16,83.24,999.17,8.4,161,0.85,66
2026-06-28 14:38:31.411424+00:00,GDN_01,20.38,80.66,1029.81,9.98,23,2.14,41
2026-06-28 14:48:31.411424+00:00,GDN_01,16.83,76.99,1017.63,9.34,25,0.85,68
2026-06-28 14:58:31.411424+00:00,GDN_01,19.34,48.82,1002.56,0.78,181,2.31,98
2026-06-28 15:08:31.411424+00:00,GDN_01,20.11,84.39,1029.25,11.71,98,1.76,66
2026-06-28 15:18:31.411424+00:00,GDN_01,17.3,48.74,1010.79,0.83,117,0.0,89
2026-06-28 15:28:31.411424+00:00,GDN_01,15.46,73.78,1023.15,4.74,108,0.62,65
2026-06-28 15:38:31.411424+00:00,GDN_01,18.95,67.58,1012.31,12.31,143,0.92,26
2026-06-28 15:48:31.411424+00:00,GDN_01,14.18,64.37,1000.02,10.23,126,0.55,70
2026-06-28 15:58:31.411424+00:00,GDN_01,20.46,56.19,1002.65,4.19,198,1.42,96
2026-06-28 16:08:31.411424+00:00,GDN_01,19.17,71.4,1002.7,10.94,344,0.65,84
2026-06-28 16:18:31.411424+00:00,GDN_01,14.67,46.44,1003.59,1.66,353,1.94,17
2026-06-28 16:28:31.411424+00:00,GDN_01,18.44,88.54,1014.89,5.32,235,1.91,25
2026-06-28 16:38:31.411424+00:00,GDN_01,20.69,84.81,1002.49,5.48,34,0.12,23
2026-06-28 16:48:31.411424+00:00,GDN_01,17.64,48.74,1014.05,1.19,268,0.07,47
2026-06-28 16:58:31.411424+00:00,GDN_01,19.43,73.51,1011.69,10.72,30,1.22,21
2026-06-28 17:08:31.411424+00:00,GDN_01,13.49,57.05,1004.49,0.77,137,0.0,91
2026-06-28 17:18:31.411424+00:00,GDN_01,20.75,61.77,1029.9,4.77,102,0.0,62
2026-06-28 17:28:31.411424+00:00,GDN_01,15.68,52.61,1018.42,2.71,86,0.0,63
2026-06-28 17:38:31.411424+00:00,GDN_01,18.1,69.8,1023.75,11.13,100,0.93,13
2026-06-28 17:48:31.411424+00:00,GDN_01,19.91,90.71,1028.08,7.34,356,0.61,88
2026-06-28 17:58:31.411424+00:00,GDN_01,19.15,89.24,1001.03,11.22,24,1.32,89
2026-06-28 18:08:31.411424+00:00,GDN_01,14.47,93.36,1010.57,7.74,156,0.63,52
2026-06-28 18:18:31.411424+00:00,GDN_01,15.56,84.13,1001.56,8.69,324,2.01,62
2026-06-28 18:28:31.411424+00:00,GDN_01,17.41,53.68,995.93,6.2,141,0.0,66
2026-06-28 18:38:31.411424+00:00,GDN_01,18.03,62.78,1001.37,7.17,34,0.0,50
2026-06-28 18:48:31.411424+00:00,GDN_01,15.38,51.82,1021.2,5.04,340,0.0,39
2026-06-28 18:58:31.411424+00:00,GDN_01,18.31,50.35,1022.19,12.46,357,1.2,100
2026-06-28 19:08:31.411424+00:00,GDN_01,13.22,72.24,1012.74,6.84,294,0.0,16
2026-06-28 19:18:31.411424+00:00,GDN_01,20.14,63.47,1024.87,12.23,203,0.63,39
2026-06-28 19:28:31.411424+00:00,GDN_01,19.1,92.6,1009.29,11.63,324,0.0,82
2026-06-28 19:38:31.411424+00:00,GDN_01,15.18,86.12,1020.25,9.52,181,0.0,81
2026-06-28 19:48:31.411424+00:00,GDN_01,19.32,79.66,996.92,7.0,6,0.0,23
2026-06-28 19:58:31.411424+00:00,GDN_01,13.88,72.86,1009.28,10.35,113,0.0,72
2026-06-28 20:08:31.411424+00:00,GDN_01,18.0,46.66,1002.52,6.92,342,0.16,4
2026-06-28 20:18:31.411424+00:00,GDN_01,19.99,61.31,1020.81,12.3,207,0.5,15
2026-06-28 20:28:31.411424+00:00,GDN_01,17.44,57.59,1011.79,0.92,280,0.01,88
2026-06-28 20:38:31.411424+00:00,GDN_01,15.15,69.98,1003.22,6.59,215,0.97,17
